{
  "config": {
    "lr": 0.0003,
    "gamma": 0.99,
    "gae_lambda": 0.95,
    "clip_ratio": 0.2,
    "batch_size": 64,
    "epochs": 10,
    "buffer_size": 2048,
    "action_std_init": 0.6,
    "entropy_coef": 0.01,
    "value_coef": 0.5,
    "save_dir": "models",
    "log_dir": "logs/ppo_20250613_210906"
  },
  "total_episodes": 1,
  "total_steps": 100,
  "training_time": 555.4616618156433,
  "final_avg_reward": 30303.543156246797,
  "best_avg_reward": 30303.543156246797,
  "timestamp": "20250613_210906"
}