{
  "config": {
    "lr": 0.0003,
    "gamma": 0.99,
    "gae_lambda": 0.95,
    "clip_ratio": 0.2,
    "batch_size": 16,
    "epochs": 10,
    "buffer_size": 100,
    "action_std_init": 0.6,
    "entropy_coef": 0.01,
    "value_coef": 0.5,
    "save_dir": "models",
    "log_dir": "logs/ppo_20250613_214630"
  },
  "total_episodes": 1,
  "total_steps": 50,
  "training_time": 212.45656824111938,
  "final_avg_reward": 13664.060515831352,
  "best_avg_reward": 13664.060515831352,
  "timestamp": "20250613_214631"
}